{"time/iterations": 1, "rollout/ep_rew_mean": -1266.9685479999998, "rollout/ep_len_mean": 200.0, "time/fps": 576, "time/time_elapsed": 3, "time/total_timesteps": 2048}
{"train/learning_rate": 0.0003, "train/entropy_loss": -1.406904797255993, "train/policy_gradient_loss": -0.0019598806626163422, "train/value_loss": 10090.001821899414, "train/approx_kl": 0.0018395569641143084, "train/clip_fraction": 0.004150390625, "train/loss": 5281.02685546875, "train/explained_variance": -0.00019621849060058594, "train/std": 0.9823556542396545, "train/n_updates": 10, "train/clip_range": 0.2, "time/iterations": 2, "rollout/ep_rew_mean": -1202.9912519499999, "rollout/ep_len_mean": 200.0, "time/fps": 514, "time/time_elapsed": 7, "time/total_timesteps": 4096}
{"train/learning_rate": 0.0003, "train/entropy_loss": -1.3999294731765985, "train/policy_gradient_loss": -0.0007922372926259414, "train/value_loss": 7519.9245880126955, "train/approx_kl": 0.0028886497020721436, "train/clip_fraction": 0.007373046875, "train/loss": 3183.793701171875, "train/explained_variance": 0.18728506565093994, "train/std": 0.979453980922699, "train/n_updates": 20, "train/clip_range": 0.2, "time/iterations": 3, "rollout/ep_rew_mean": -1228.2391691666664, "rollout/ep_len_mean": 200.0, "time/fps": 478, "time/time_elapsed": 12, "time/total_timesteps": 6144}
{"train/learning_rate": 0.0003, "train/entropy_loss": -1.3981801133602858, "train/policy_gradient_loss": -0.0008512170345056802, "train/value_loss": 10092.328555297852, "train/approx_kl": 0.0021075811237096786, "train/clip_fraction": 0.008203125, "train/loss": 4232.3017578125, "train/explained_variance": 0.06656873226165771, "train/std": 0.9778754115104675, "train/n_updates": 30, "train/clip_range": 0.2, "time/iterations": 4, "rollout/ep_rew_mean": -1217.390758575, "rollout/ep_len_mean": 200.0, "time/fps": 451, "time/time_elapsed": 18, "time/total_timesteps": 8192}
{"train/learning_rate": 0.0003, "train/entropy_loss": -1.398381196707487, "train/policy_gradient_loss": -0.000305451377062127, "train/value_loss": 6897.533374023437, "train/approx_kl": 0.000697505020070821, "train/clip_fraction": 0.00068359375, "train/loss": 3093.1845703125, "train/explained_variance": 0.030961811542510986, "train/std": 0.9801348447799683, "train/n_updates": 40, "train/clip_range": 0.2, "eval/mean_reward": -1391.7539608000002, "eval/mean_ep_length": 200.0, "time/total_timesteps": 10000}
{"time/iterations": 5, "rollout/ep_rew_mean": -1192.397410470588, "rollout/ep_len_mean": 200.0, "time/fps": 421, "time/time_elapsed": 24, "time/total_timesteps": 10240}
{"train/learning_rate": 0.0003, "train/entropy_loss": -1.4115329649299384, "train/policy_gradient_loss": -0.0021533620019908994, "train/value_loss": 7123.484922790527, "train/approx_kl": 0.001632731407880783, "train/clip_fraction": 0.01103515625, "train/loss": 2978.401123046875, "train/explained_variance": 0.010120987892150879, "train/std": 1.003101110458374, "train/n_updates": 50, "train/clip_range": 0.2, "time/iterations": 6, "rollout/ep_rew_mean": -1196.9026739344263, "rollout/ep_len_mean": 200.0, "time/fps": 416, "time/time_elapsed": 29, "time/total_timesteps": 12288}
{"train/learning_rate": 0.0003, "train/entropy_loss": -1.422029922157526, "train/policy_gradient_loss": -0.003923389548435807, "train/value_loss": 8291.531887817382, "train/approx_kl": 0.003480721963569522, "train/clip_fraction": 0.0404296875, "train/loss": 3806.237060546875, "train/explained_variance": 0.00406259298324585, "train/std": 0.9997426867485046, "train/n_updates": 60, "train/clip_range": 0.2, "time/iterations": 7, "rollout/ep_rew_mean": -1172.5719617605635, "rollout/ep_len_mean": 200.0, "time/fps": 422, "time/time_elapsed": 33, "time/total_timesteps": 14336}
{"train/learning_rate": 0.0003, "train/entropy_loss": -1.4209107063710689, "train/policy_gradient_loss": -0.001012357947183773, "train/value_loss": 5679.254861450196, "train/approx_kl": 0.0026143353898078203, "train/clip_fraction": 0.00654296875, "train/loss": 2454.803955078125, "train/explained_variance": 0.003236114978790283, "train/std": 1.0024669170379639, "train/n_updates": 70, "train/clip_range": 0.2, "time/iterations": 8, "rollout/ep_rew_mean": -1162.0840685802468, "rollout/ep_len_mean": 200.0, "time/fps": 424, "time/time_elapsed": 38, "time/total_timesteps": 16384}
{"train/learning_rate": 0.0003, "train/entropy_loss": -1.4236742496490478, "train/policy_gradient_loss": -0.0017042010396835395, "train/value_loss": 6091.559452819824, "train/approx_kl": 0.0028610120061784983, "train/clip_fraction": 0.023046875, "train/loss": 2926.045654296875, "train/explained_variance": 0.0014540553092956543, "train/std": 1.0053997039794922, "train/n_updates": 80, "train/clip_range": 0.2, "time/iterations": 9, "rollout/ep_rew_mean": -1166.4921028586955, "rollout/ep_len_mean": 200.0, "time/fps": 425, "time/time_elapsed": 43, "time/total_timesteps": 18432}
{"train/learning_rate": 0.0003, "train/entropy_loss": -1.4314551811665297, "train/policy_gradient_loss": -0.0012934731654240749, "train/value_loss": 7268.232670593262, "train/approx_kl": 0.0021228715777397156, "train/clip_fraction": 0.006396484375, "train/loss": 3718.5771484375, "train/explained_variance": 0.000885009765625, "train/std": 1.0148299932479858, "train/n_updates": 90, "train/clip_range": 0.2, "eval/mean_reward": -1220.9902407999998, "eval/mean_ep_length": 200.0, "time/total_timesteps": 20000}
{"time/iterations": 10, "rollout/ep_rew_mean": -1175.64775605, "rollout/ep_len_mean": 200.0, "time/fps": 418, "time/time_elapsed": 48, "time/total_timesteps": 20480}
{"train/learning_rate": 0.0003, "train/entropy_loss": -1.430053946748376, "train/policy_gradient_loss": -0.0017585534427780659, "train/value_loss": 8041.633862304688, "train/approx_kl": 0.002787340898066759, "train/clip_fraction": 0.0201171875, "train/loss": 3748.528564453125, "train/explained_variance": 0.0005379915237426758, "train/std": 1.0058350563049316, "train/n_updates": 100, "train/clip_range": 0.2, "time/iterations": 11, "rollout/ep_rew_mean": -1185.96226809, "rollout/ep_len_mean": 200.0, "time/fps": 418, "time/time_elapsed": 53, "time/total_timesteps": 22528}
{"train/learning_rate": 0.0003, "train/entropy_loss": -1.420037604123354, "train/policy_gradient_loss": -0.001710235932841897, "train/value_loss": 8551.02304534912, "train/approx_kl": 0.003726091468706727, "train/clip_fraction": 0.020361328125, "train/loss": 4316.8955078125, "train/explained_variance": 0.00036072731018066406, "train/std": 0.9952714443206787, "train/n_updates": 110, "train/clip_range": 0.2, "time/iterations": 12, "rollout/ep_rew_mean": -1189.3422237599998, "rollout/ep_len_mean": 200.0, "time/fps": 421, "time/time_elapsed": 58, "time/total_timesteps": 24576}
{"train/learning_rate": 0.0003, "train/entropy_loss": -1.4057639379054307, "train/policy_gradient_loss": -0.005430031169089489, "train/value_loss": 7468.644412231445, "train/approx_kl": 0.005603974685072899, "train/clip_fraction": 0.069921875, "train/loss": 3619.853271484375, "train/explained_variance": 0.00048047304153442383, "train/std": 0.9805188179016113, "train/n_updates": 120, "train/clip_range": 0.2, "time/iterations": 13, "rollout/ep_rew_mean": -1190.5952401200002, "rollout/ep_len_mean": 200.0, "time/fps": 424, "time/time_elapsed": 62, "time/total_timesteps": 26624}
{"train/learning_rate": 0.0003, "train/entropy_loss": -1.3874558929353953, "train/policy_gradient_loss": -0.003342585964128375, "train/value_loss": 7980.912927246094, "train/approx_kl": 0.003210085444152355, "train/clip_fraction": 0.0271484375, "train/loss": 3985.541748046875, "train/explained_variance": 0.00036007165908813477, "train/std": 0.9597405791282654, "train/n_updates": 130, "train/clip_range": 0.2, "time/iterations": 14, "rollout/ep_rew_mean": -1211.41812618, "rollout/ep_len_mean": 200.0, "time/fps": 426, "time/time_elapsed": 67, "time/total_timesteps": 28672}
{"train/learning_rate": 0.0003, "train/entropy_loss": -1.3712204616516828,