{"time/iterations": 1, "rollout/ep_rew_mean": -8.959876500000002, "rollout/ep_len_mean": 50.0, "time/fps": 210, "time/time_elapsed": 2, "time/total_timesteps": 512}
{"train/learning_rate": 5.49717e-05, "train/entropy_loss": 1.7410370588302613, "train/policy_gradient_loss": -0.019681730295997114, "train/value_loss": 5.070447742938995, "train/approx_kl": 0.012361301109194756, "train/clip_fraction": 0.047265625, "train/loss": 1.3932349681854248, "train/explained_variance": 0.0021047592163085938, "train/std": 0.13556474447250366, "train/n_updates": 10, "train/clip_range": 0.3, "eval/mean_reward": -9.621259599999998, "eval/mean_ep_length": 50.0, "eval/success_rate": 0.0, "time/total_timesteps": 1000}
{"time/iterations": 2, "rollout/ep_rew_mean": -8.520432249999999, "rollout/ep_len_mean": 50.0, "time/fps": 167, "time/time_elapsed": 6, "time/total_timesteps": 1024}
{"train/learning_rate": 5.49717e-05, "train/entropy_loss": 1.7351065084338189, "train/policy_gradient_loss": -0.013876169017748907, "train/value_loss": 3.60022012591362, "train/approx_kl": 0.01613430120050907, "train/clip_fraction": 0.07890625, "train/loss": 0.9579672813415527, "train/explained_variance": -0.015641093254089355, "train/std": 0.13583938777446747, "train/n_updates": 20, "train/clip_range": 0.3, "time/iterations": 3, "rollout/ep_rew_mean": -8.816179766666666, "rollout/ep_len_mean": 50.0, "time/fps": 165, "time/time_elapsed": 9, "time/total_timesteps": 1536}
{"train/learning_rate": 5.49717e-05, "train/entropy_loss": 1.7288158357143402, "train/policy_gradient_loss": -0.01305809555342421, "train/value_loss": 3.444554766267538, "train/approx_kl": 0.0154576376080513, "train/clip_fraction": 0.0546875, "train/loss": 0.5550175309181213, "train/explained_variance": -0.04678463935852051, "train/std": 0.13619105517864227, "train/n_updates": 30, "train/clip_range": 0.3, "eval/mean_reward": -8.1281592, "eval/mean_ep_length": 50.0, "eval/success_rate": 0.0, "time/total_timesteps": 2000}
{"time/iterations": 4, "rollout/ep_rew_mean": -8.3290261, "rollout/ep_len_mean": 50.0, "time/fps": 157, "time/time_elapsed": 12, "time/total_timesteps": 2048}
{"train/learning_rate": 5.49717e-05, "train/entropy_loss": 1.7231300801038743, "train/policy_gradient_loss": -0.0052969354554079475, "train/value_loss": 1.6517732627689838, "train/approx_kl": 0.011386735364794731, "train/clip_fraction": 0.0203125, "train/loss": 0.4063509702682495, "train/explained_variance": -0.04565095901489258, "train/std": 0.1362948715686798, "train/n_updates": 40, "train/clip_range": 0.3, "time/iterations": 5, "rollout/ep_rew_mean": -7.8121209607843145, "rollout/ep_len_mean": 50.0, "time/fps": 158, "time/time_elapsed": 16, "time/total_timesteps": 2560}
{"train/learning_rate": 5.49717e-05, "train/entropy_loss": 1.7187750861048698, "train/policy_gradient_loss": -0.007175374589860439, "train/value_loss": 0.8791387953795493, "train/approx_kl": 0.010548976249992847, "train/clip_fraction": 0.0318359375, "train/loss": 0.23408213257789612, "train/explained_variance": 0.29001688957214355, "train/std": 0.13665330410003662, "train/n_updates": 50, "train/clip_range": 0.3, "eval/mean_reward": -4.5708414, "eval/mean_ep_length": 50.0, "eval/success_rate": 0.2, "time/total_timesteps": 3000}
{"time/iterations": 6, "rollout/ep_rew_mean": -7.939161081967215, "rollout/ep_len_mean": 50.0, "time/fps": 155, "time/time_elapsed": 19, "time/total_timesteps": 3072}
{"train/learning_rate": 5.49717e-05, "train/entropy_loss": 1.7124336257576942, "train/policy_gradient_loss": -0.019667039287742227, "train/value_loss": 2.2648889753967523, "train/approx_kl": 0.01815725862979889, "train/clip_fraction": 0.0818359375, "train/loss": 0.4880068302154541, "train/explained_variance": 0.02645975351333618, "train/std": 0.13681423664093018, "train/n_updates": 60, "train/clip_range": 0.3, "time/iterations": 7, "rollout/ep_rew_mean": -7.75704985915493, "rollout/ep_len_mean": 50.0, "time/fps": 156, "time/time_elapsed": 22, "time/total_timesteps": 3584}
{"train/learning_rate": 5.49717e-05, "train/entropy_loss": 1.7076589100062847, "train/policy_gradient_loss": -0.009594371676212177, "train/value_loss": 1.0277232222259045, "train/approx_kl": 0.008201579563319683, "train/clip_fraction": 0.02265625, "train/loss": 0.3588677644729614, "train/explained_variance": 0.3392271399497986, "train/std": 0.1371438354253769, "train/n_updates": 70, "train/clip_range": 0.3, "eval/mean_reward": -5.4302328, "eval/mean_ep_length": 50.0, "eval/success_rate": 0.0, "time/total_timesteps": 4000}
{"time/iterations": 8, "rollout/ep_rew_mean": -7.6832694074074075, "rollout/ep_len_mean": 50.0, "time/fps": 154, "time/time_elapsed": 26, "time/total_timesteps": 4096}
{"train/learning_rate": 5.49717e-05, "train/entropy_loss": 1.7035219848155976, "train/policy_gradient_loss": -0.00654800797929056, "train/value_loss": 0.7373252254910767, "train/approx_kl": 0.009143263101577759, "train/clip_fraction": 0.0271484375, "train/loss": 0.25193825364112854, "train/explained_variance": 0.5236729979515076, "train/std": 0.13711094856262207, "train/n_updates": 80, "train/clip_range": 0.3, "time/iterations": 9, "rollout/ep_rew_mean": -7.60667295652174, "rollout/ep_len_mean": 50.0, "time/fps": 157, "time/time_elapsed": 29, "time/total_timesteps": 4608}
{"train/learning_rate": 5.49717e-05, "train/entropy_loss": 1.6996014058589934, "train/policy_gradient_loss": -0.011682076426222921, "train/value_loss": 0.8422998992726207, "train/approx_kl": 0.012662971392273903, "train/clip_fraction": 0.0634765625, "train/loss": 0.2549334764480591, "train/explained_variance": 0.6805752515792847, "train/std": 0.13759756088256836, "train/n_updates": 90, "train/clip_range": 0.3, "eval/mean_reward": -3.4535525999999996, "eval/mean_ep_length": 50.0, "eval/success_rate": 0.0, "time/total_timesteps": 5000}
{"time/iterations": 10, "rollout/ep_rew_mean": -7.640146499999999, "rollout/ep_len_mean": 50.0, "time/fps": 155, "time/time_elapsed": 33, "time/total_timesteps": 5120}
{"train/learning_rate": 5.49717e-05, "train/entropy_loss": 1.6905334696173668, "train/policy_gradient_loss": -0.007697994681075215, "train/value_loss": 1.0772628299891949, "train/approx_kl": 0.010933907702565193, "train/clip_fraction": 0.0279296875, "train/loss": 0.48863524198532104, "train/explained_variance": 0.632206529378891, "train/std": 0.1378827542066574, "train/n_updates": 100, "train/clip_range": 0.3, "time/iterations": 11, "rollout/ep_rew_mean": -7.39186053, "rollout/ep_len_mean": 50.0, "time/fps": 155, "time/time_elapsed": 36, "time/total_timesteps": 5632}
{"train/learning_rate": 5.49717e-05, "train/entropy_loss": 1.683878953754902, "train/policy_gradient_loss": -0.016865973290987313, "train/value_loss": 0.5233497854322195, "train/approx_kl": 0.013558242470026016, "train/clip_fraction": 0.0845703125, "train/loss": 0.23055842518806458, "train/explained_variance": 0.7293174564838409, "train/std": 0.13822275400161743, "train/n_updates": 110, "train/clip_range": 0.3, "eval/mean_reward": -6.151536999999999, "eval/mean_ep_length": 50.0, "eval/success_rate": 0.0, "time/total_timesteps": 6000}
{"time/iterations": 12, "rollout/ep_rew_mean": -7.16651429, "rollout/ep_len_mean": 50.0, "time/fps": 153, "time/time_elapsed": 39, "time/total_timesteps": 6144}
{"train/learning_rate": 5.49717e-05, "train/entropy_loss": 1.6773224197328092, "train/policy_gradient_loss": -0.012522506481036543, "train/value_loss": 0.49956470718607304, "train/approx_kl": 0.016755472868680954, "train/clip_fraction": 0.066796875, "train/loss": 0.236049622297287, "train/explained_variance": 0.8097260892391205, "train/std": 0.1384708732366562, "train/n_updates": 120, "train/clip_range": 0.3, "time/iterations": 13, "rollout/ep_rew_mean": -7.14402002, "rollout/ep_len_mean": 50.0, "time/fps": 155, "time/time_elapsed": 42, "time/total_timesteps": 6656}
{"train/learning_rate": 5.49717e-05, "train/entropy_loss": 1.6733521834015845, "train/policy_gradient_loss": -0.017134508001618087, "train/value_loss": 0.7420979458838701,