{"time/iterations": 1, "rollout/ep_rew_mean": -11.4848237, "rollout/ep_len_mean": 50.0, "time/fps": 224, "time/time_elapsed": 2, "time/total_timesteps": 512}
{"train/learning_rate": 5.49717e-05, "train/entropy_loss": 1.7405755281448365, "train/policy_gradient_loss": -0.0116529862920288, "train/value_loss": 9.773756366968154, "train/approx_kl": 0.015927128493785858, "train/clip_fraction": 0.06484375, "train/loss": 2.8397648334503174, "train/explained_variance": -0.0005221366882324219, "train/std": 0.13557374477386475, "train/n_updates": 10, "train/clip_range": 0.3, "eval/mean_reward": -8.756241200000002, "eval/mean_ep_length": 50.0, "eval/success_rate": 0.0, "time/total_timesteps": 1000}
{"time/iterations": 2, "rollout/ep_rew_mean": -10.742399250000002, "rollout/ep_len_mean": 50.0, "time/fps": 172, "time/time_elapsed": 5, "time/total_timesteps": 1024}
{"train/learning_rate": 5.49717e-05, "train/entropy_loss": 1.735535816848278, "train/policy_gradient_loss": -0.010322419088333845, "train/value_loss": 6.295673662424088, "train/approx_kl": 0.013385998085141182, "train/clip_fraction": 0.046484375, "train/loss": 1.5707131624221802, "train/explained_variance": -0.01597452163696289, "train/std": 0.13577596843242645, "train/n_updates": 20, "train/clip_range": 0.3, "time/iterations": 3, "rollout/ep_rew_mean": -10.060469266666667, "rollout/ep_len_mean": 50.0, "time/fps": 170, "time/time_elapsed": 8, "time/total_timesteps": 1536}
{"train/learning_rate": 5.49717e-05, "train/entropy_loss": 1.7306018777191639, "train/policy_gradient_loss": -0.015333608188666404, "train/value_loss": 3.4303020730614664, "train/approx_kl": 0.01621977798640728, "train/clip_fraction": 0.0779296875, "train/loss": 0.6379761695861816, "train/explained_variance": -0.10734176635742188, "train/std": 0.13607127964496613, "train/n_updates": 30, "train/clip_range": 0.3, "eval/mean_reward": -13.3387372, "eval/mean_ep_length": 50.0, "eval/success_rate": 0.0, "time/total_timesteps": 2000}
{"time/iterations": 4, "rollout/ep_rew_mean": -10.166081625, "rollout/ep_len_mean": 50.0, "time/fps": 161, "time/time_elapsed": 12, "time/total_timesteps": 2048}
{"train/learning_rate": 5.49717e-05, "train/entropy_loss": 1.7249123647809028, "train/policy_gradient_loss": -0.009872168675065041, "train/value_loss": 4.914463044703007, "train/approx_kl": 0.014844173565506935, "train/clip_fraction": 0.028125, "train/loss": 0.7535331845283508, "train/explained_variance": -0.08885347843170166, "train/std": 0.1362597942352295, "train/n_updates": 40, "train/clip_range": 0.3, "time/iterations": 5, "rollout/ep_rew_mean": -10.39653719607843, "rollout/ep_len_mean": 50.0, "time/fps": 161, "time/time_elapsed": 15, "time/total_timesteps": 2560}
{"train/learning_rate": 5.49717e-05, "train/entropy_loss": 1.7212092861533166, "train/policy_gradient_loss": -0.01369314023759216, "train/value_loss": 7.151579803973436, "train/approx_kl": 0.015004536136984825, "train/clip_fraction": 0.0673828125, "train/loss": 1.412231206893921, "train/explained_variance": -0.0630267858505249, "train/std": 0.13640949130058289, "train/n_updates": 50, "train/clip_range": 0.3, "eval/mean_reward": -10.8421982, "eval/mean_ep_length": 50.0, "eval/success_rate": 0.0, "time/total_timesteps": 3000}
{"time/iterations": 6, "rollout/ep_rew_mean": -10.412494163934426, "rollout/ep_len_mean": 50.0, "time/fps": 157, "time/time_elapsed": 19, "time/total_timesteps": 3072}
{"train/learning_rate": 5.49717e-05, "train/entropy_loss": 1.7187745533883572, "train/policy_gradient_loss": -0.01632188049843535, "train/value_loss": 4.25747626721859, "train/approx_kl": 0.016981160268187523, "train/clip_fraction": 0.0673828125, "train/loss": 0.5647299885749817, "train/explained_variance": -0.2944464683532715, "train/std": 0.13645535707473755, "train/n_updates": 60, "train/clip_range": 0.3, "time/iterations": 7, "rollout/ep_rew_mean": -10.275130619718308, "rollout/ep_len_mean": 50.0, "time/fps": 161, "time/time_elapsed": 22, "time/total_timesteps": 3584}
{"train/learning_rate": 5.49717e-05, "train/entropy_loss": 1.7174834355711937, "train/policy_gradient_loss": -0.008952320733806118, "train/value_loss": 3.1427652440965175, "train/approx_kl": 0.00766849797219038, "train/clip_fraction": 0.0294921875, "train/loss": 0.5986550450325012, "train/explained_variance": -0.019368529319763184, "train/std": 0.13662342727184296, "train/n_updates": 70, "train/clip_range": 0.3, "eval/mean_reward": -6.467371, "eval/mean_ep_length": 50.0, "eval/success_rate": 0.0, "time/total_timesteps": 4000}
{"time/iterations": 8, "rollout/ep_rew_mean": -10.171772617283949, "rollout/ep_len_mean": 50.0, "time/fps": 158, "time/time_elapsed": 25, "time/total_timesteps": 4096}
{"train/learning_rate": 5.49717e-05, "train/entropy_loss": 1.7133845768868923, "train/policy_gradient_loss": -0.02084057091269642, "train/value_loss": 3.5313742950558664, "train/approx_kl": 0.029097218066453934, "train/clip_fraction": 0.1076171875, "train/loss": 0.9211040735244751, "train/explained_variance": -0.0034607648849487305, "train/std": 0.136745423078537, "train/n_updates": 80, "train/clip_range": 0.3, "time/iterations": 9, "rollout/ep_rew_mean": -10.045390478260869, "rollout/ep_len_mean": 50.0, "time/fps": 158, "time/time_elapsed": 29, "time/total_timesteps": 4608}
{"train/learning_rate": 5.49717e-05, "train/entropy_loss": 1.7093077890574933, "train/policy_gradient_loss": -0.0174444759322796, "train/value_loss": 2.7488155834376813, "train/approx_kl": 0.01727519929409027, "train/clip_fraction": 0.0896484375, "train/loss": 0.7098038792610168, "train/explained_variance": 0.22325432300567627, "train/std": 0.13711246848106384, "train/n_updates": 90, "train/clip_range": 0.3, "eval/mean_reward": -8.8143468, "eval/mean_ep_length": 50.0, "eval/success_rate": 0.0, "time/total_timesteps": 5000}
{"time/iterations": 10, "rollout/ep_rew_mean": -9.723004529999999, "rollout/ep_len_mean": 50.0, "time/fps": 157, "time/time_elapsed": 32, "time/total_timesteps": 5120}
{"train/learning_rate": 5.49717e-05, "train/entropy_loss": 1.7011113703250884, "train/policy_gradient_loss": -0.02254909899784252, "train/value_loss": 1.5504945520311595, "train/approx_kl": 0.015018478967249393, "train/clip_fraction": 0.0919921875, "train/loss": 0.4005516767501831, "train/explained_variance": 0.5642423927783966, "train/std": 0.1373809278011322, "train/n_updates": 100, "train/clip_range": 0.3, "time/iterations": 11, "rollout/ep_rew_mean": -9.29186161, "rollout/ep_len_mean": 50.0, "time/fps": 158, "time/time_elapsed": 35, "time/total_timesteps": 5632}
{"train/learning_rate": 5.49717e-05, "train/entropy_loss": 1.6951365023851395, "train/policy_gradient_loss": -0.017777176387608052, "train/value_loss": 0.7745575092732906, "train/approx_kl": 0.01985582523047924, "train/clip_fraction": 0.1029296875, "train/loss": 0.1874675154685974, "train/explained_variance": 0.6586719751358032, "train/std": 0.13765603303909302, "train/n_updates": 110, "train/clip_range": 0.3, "eval/mean_reward": -7.300231199999999, "eval/mean_ep_length": 50.0, "eval/success_rate": 0.2, "time/total_timesteps": 6000}
{"time/iterations": 12, "rollout/ep_rew_mean": -9.009837300000001, "rollout/ep_len_mean": 50.0, "time/fps": 157, "time/time_elapsed": 39, "time/total_timesteps": 6144}
{"train/learning_rate": 5.49717e-05, "train/entropy_loss": 1.6885214753448963, "train/policy_gradient_loss": -0.032343320915242654, "train/value_loss": 0.867405642196536, "train/approx_kl": 0.027858514338731766, "train/clip_fraction": 0.1607421875, "train/loss": 0.3339601159095764, "train/explained_variance": 0.8209706395864487, "train/std": 0.13805145025253296, "train/n_updates": 120, "train/clip_range": 0.3, "time/iterations": 13, "rollout/ep_rew_mean": -8.83157591, "rollout/ep_len_mean": 50.0, "time/fps": 158, "time/time_elapsed": 41, "time/total_timesteps": 6656}
{"train/learning_rate": 5.49717e-05, "train/entropy_loss": 1.6801349520683289, "train/policy_gradient_loss": -0.015411791898077353, "train/value_loss": 0.7652004634961486,