{"time/iterations": 1, "rollout/ep_rew_mean": -1178.0190864, "rollout/ep_len_mean": 200.0, "time/fps": 450, "time/time_elapsed": 4, "time/total_timesteps": 2048}
{"train/learning_rate": 0.0003, "train/entropy_loss": -1.415653893724084, "train/policy_gradient_loss": -0.00142012357537169, "train/value_loss": 8861.43635559082, "train/approx_kl": 0.0030795822385698557, "train/clip_fraction": 0.01494140625, "train/loss": 4467.7548828125, "train/explained_variance": 0.0025961995124816895, "train/std": 0.9944090247154236, "train/n_updates": 10, "train/clip_range": 0.2, "time/iterations": 2, "rollout/ep_rew_mean": -1304.71550835, "rollout/ep_len_mean": 200.0, "time/fps": 428, "time/time_elapsed": 9, "time/total_timesteps": 4096}
{"train/learning_rate": 0.0003, "train/entropy_loss": -1.4141665361821651, "train/policy_gradient_loss": -0.0026940988667774946, "train/value_loss": 11270.4580078125, "train/approx_kl": 0.003424708265811205, "train/clip_fraction": 0.019921875, "train/loss": 4765.123046875, "train/explained_variance": 0.10975325107574463, "train/std": 0.9937305450439453, "train/n_updates": 20, "train/clip_range": 0.2, "time/iterations": 3, "rollout/ep_rew_mean": -1250.8539296000001, "rollout/ep_len_mean": 200.0, "time/fps": 413, "time/time_elapsed": 14, "time/total_timesteps": 6144}
{"train/learning_rate": 0.0003, "train/entropy_loss": -1.4063556011766196, "train/policy_gradient_loss": -0.0025350288866320624, "train/value_loss": 7167.127197265625, "train/approx_kl": 0.0040502725169062614, "train/clip_fraction": 0.02490234375, "train/loss": 3054.816650390625, "train/explained_variance": 0.22283011674880981, "train/std": 0.977911114692688, "train/n_updates": 30, "train/clip_range": 0.2, "time/iterations": 4, "rollout/ep_rew_mean": -1221.59868355, "rollout/ep_len_mean": 200.0, "time/fps": 381, "time/time_elapsed": 21, "time/total_timesteps": 8192}
{"train/learning_rate": 0.0003, "train/entropy_loss": -1.3926471840590238, "train/policy_gradient_loss": -0.0028215965401614087, "train/value_loss": 7524.451580810547, "train/approx_kl": 0.003928154706954956, "train/clip_fraction": 0.026123046875, "train/loss": 3315.326416015625, "train/explained_variance": 0.021273672580718994, "train/std": 0.9704992771148682, "train/n_updates": 40, "train/clip_range": 0.2, "eval/mean_reward": -1201.8938604, "eval/mean_ep_length": 200.0, "time/total_timesteps": 10000}
{"time/iterations": 5, "rollout/ep_rew_mean": -1216.3856469215687, "rollout/ep_len_mean": 200.0, "time/fps": 368, "time/time_elapsed": 27, "time/total_timesteps": 10240}
{"train/learning_rate": 0.0003, "train/entropy_loss": -1.3833239864557982, "train/policy_gradient_loss": -0.0011335358052747325, "train/value_loss": 8142.434638977051, "train/approx_kl": 0.003861245233565569, "train/clip_fraction": 0.019140625, "train/loss": 3593.2763671875, "train/explained_variance": 0.006679117679595947, "train/std": 0.9587464332580566, "train/n_updates": 50, "train/clip_range": 0.2, "time/iterations": 6, "rollout/ep_rew_mean": -1210.770696295082, "rollout/ep_len_mean": 200.0, "time/fps": 371, "time/time_elapsed": 33, "time/total_timesteps": 12288}
{"train/learning_rate": 0.0003, "train/entropy_loss": -1.3644925910979508, "train/policy_gradient_loss": -0.002655514545040205, "train/value_loss": 7286.5611022949215, "train/approx_kl": 0.004222853109240532, "train/clip_fraction": 0.026806640625, "train/loss": 3371.291748046875, "train/explained_variance": 0.003157675266265869, "train/std": 0.9369286894798279, "train/n_updates": 60, "train/clip_range": 0.2, "time/iterations": 7, "rollout/ep_rew_mean": -1206.42395843662, "rollout/ep_len_mean": 200.0, "time/fps": 374, "time/time_elapsed": 38, "time/total_timesteps": 14336}
{"train/learning_rate": 0.0003, "train/entropy_loss": -1.3528794519603253, "train/policy_gradient_loss": -0.00067950218799524, "train/value_loss": 7585.855944824219, "train/approx_kl": 0.0013906434178352356, "train/clip_fraction": 0.003173828125, "train/loss": 3345.93212890625, "train/explained_variance": 0.002550065517425537, "train/std": 0.934487521648407, "train/n_updates": 70, "train/clip_range": 0.2, "time/iterations": 8, "rollout/ep_rew_mean": -1194.166502037037, "rollout/ep_len_mean": 200.0, "time/fps": 382, "time/time_elapsed": 42, "time/total_timesteps": 16384}
{"train/learning_rate": 0.0003, "train/entropy_loss": -1.345659727230668, "train/policy_gradient_loss": -0.0004888392213615589, "train/value_loss": 6044.026789855957, "train/approx_kl": 0.002883392386138439, "train/clip_fraction": 0.007275390625, "train/loss": 2921.966552734375, "train/explained_variance": 0.0015761256217956543, "train/std": 0.9269594550132751, "train/n_updates": 80, "train/clip_range": 0.2, "time/iterations": 9, "rollout/ep_rew_mean": -1194.020365847826, "rollout/ep_len_mean": 200.0, "time/fps": 387, "time/time_elapsed": 47, "time/total_timesteps": 18432}
{"train/learning_rate": 0.0003, "train/entropy_loss": -1.337298249453306, "train/policy_gradient_loss": -0.0017951139074284584, "train/value_loss": 7404.990142822266, "train/approx_kl": 0.002130667446181178, "train/clip_fraction": 0.021142578125, "train/loss": 3226.369140625, "train/explained_variance": 0.0008102655410766602, "train/std": 0.916848361492157, "train/n_updates": 90, "train/clip_range": 0.2, "eval/mean_reward": -1128.2933154, "eval/mean_ep_length": 200.0, "time/total_timesteps": 20000}
{"time/iterations": 10, "rollout/ep_rew_mean": -1171.0264604000001, "rollout/ep_len_mean": 200.0, "time/fps": 372, "time/time_elapsed": 54, "time/total_timesteps": 20480}
{"train/learning_rate": 0.0003, "train/entropy_loss": -1.328266501799226, "train/policy_gradient_loss": -0.0025959006787161345, "train/value_loss": 5234.831266784668, "train/approx_kl": 0.0020915879867970943, "train/clip_fraction": 0.023046875, "train/loss": 2186.021728515625, "train/explained_variance": 0.0006533265113830566, "train/std": 0.9081369042396545, "train/n_updates": 100, "train/clip_range": 0.2, "time/iterations": 11, "rollout/ep_rew_mean": -1179.7202814700001, "rollout/ep_len_mean": 200.0, "time/fps": 369, "time/time_elapsed": 60, "time/total_timesteps": 22528}
{"train/learning_rate": 0.0003, "train/entropy_loss": -1.3189987156540155, "train/policy_gradient_loss": -0.001163637632271275, "train/value_loss": 6937.124700927734, "train/approx_kl": 0.0024015989620238543, "train/clip_fraction": 0.005712890625, "train/loss": 3029.837646484375, "train/explained_variance": 0.0003967881202697754, "train/std": 0.9024927616119385, "train/n_updates": 110, "train/clip_range": 0.2, "time/iterations": 12, "rollout/ep_rew_mean": -1150.2035781700001, "rollout/ep_len_mean": 200.0, "time/fps": 373, "time/time_elapsed": 65, "time/total_timesteps": 24576}
{"train/learning_rate": 0.0003, "train/entropy_loss": -1.3099703051149845, "train/policy_gradient_loss": -0.0015958279371261596, "train/value_loss": 5956.377821350097, "train/approx_kl": 0.0025621613021939993, "train/clip_fraction": 0.008154296875, "train/loss": 2740.914306640625, "train/explained_variance": 0.0003630518913269043, "train/std": 0.8917016386985779, "train/n_updates": 120, "train/clip_range": 0.2, "time/iterations": 13, "rollout/ep_rew_mean": -1159.9575939400002, "rollout/ep_len_mean": 200.0, "time/fps": 373, "time/time_elapsed": 71, "time/total_timesteps": 26624}
{"train/learning_rate": 0.0003, "train/entropy_loss": -1.3063255410641432, "train/policy_gradient_loss": -8.425475243711844e-05, "train/value_loss": 7093.116560363769, "train/approx_kl": 0.0004913505399599671, "train/clip_fraction": 9.765625e-05, "train/loss": 2752.818603515625, "train/explained_variance": 0.00023788213729858398, "train/std": 0.8972085118293762, "train/n_updates": 130, "train/clip_range": 0.2, "time/iterations": 14, "rollout/ep_rew_mean": -1159.70692484, "rollout/ep_len_mean": 200.0, "time/fps": 378, "time/time_elapsed": 75, "time/total_timesteps": 28672}
{"train/learning_rate": 0.0003, "train/entropy_loss": -1.2946076538413762, "train/policy_gradient_loss": -0.0018861459364416077,